{
	"class_name" : "PinholeCameraParameters",
	"extrinsic" : 
	[
		-0.89384256705939003,
		0.016993798845812095,
		0.44805878644823827,
		0.0,
		-0.44775996086182446,
		0.018743424130600886,
		-0.89395732644286663,
		0.0,
		-0.023589886852151708,
		-0.99967989619310071,
		-0.0091445276342846677,
		0.0,
		0.48639582719282221,
		0.53078915331059418,
		3.0990884389589435,
		1.0
	],
	"intrinsic" : 
	{
		"height" : 1080,
		"intrinsic_matrix" : 
		[
			935.30743608719376,
			0.0,
			0.0,
			0.0,
			935.30743608719376,
			0.0,
			959.5,
			539.5,
			1.0
		],
		"width" : 1920
	},
	"version_major" : 1,
	"version_minor" : 0
}